<?xml version="1.0" encoding="UTF-8"?>
<Configuration status="WARN">
    <Appenders>
        <Console name="Console" target="SYSTEM_OUT">
            <PatternLayout pattern="%d{yyyy-MM-dd HH:mm:ss.SSS} [%t] %-5level
%logger{36} - %msg%n"/>
        </Console>
    </Appenders>
    <Loggers>
        <Logger name="com.example" level="info" additivity="false">
            <AppenderRef ref="Console"/>
        </Logger>
        <Root level="error">
            <AppenderRef ref="Console"/>
        </Root>
    </Loggers>
</Configuration>
