{
  "playerName": "xd",
  "playerDisplayName": "xd",
  "playerUUID": "c960e8b7-43c8-4884-94d1-d55c6a891870",
  "health": 3.0,
  "foodLevel": 3,
  "location": [
    10,
    10,
    0
  ],
  "money": 0,
  "inventory": [
    {
      "id": "9998",
      "name": "Ibuprofen 1200 mg",
      "itemType": "MEDICINE",
      "itemCategory": "FOOD",
      "currentlyEquipped": false,
      "canBeEquipped": false,
      "quantity": 2
    }
  ],
  "stats": {
    "strength": 1,
    "defense": 1,
    "agility": 1,
    "intelligence": 1,
    "charisma": 1,
    "luck": 1
  }
}