[[[{"x":0,"y":0,"z":0,"tileType":"ROAD","gameObject":null},{"x":1,"y":0,"z":0,"tileType":"ROAD","gameObject":null},{"x":2,"y":0,"z":0,"tileType":"ROAD","gameObject":null}],[{"x":0,"y":1,"z":0,"tileType":"ROAD","gameObject":null},{"x":1,"y":1,"z":0,"tileType":"ROAD","gameObject":{"id":1,"objectType":"UNKNOWN"}},{"x":2,"y":1,"z":0,"tileType":"ROAD","gameObject":null}],[{"x":0,"y":2,"z":0,"tileType":"ROAD","gameObject":null},{"x":1,"y":2,"z":0,"tileType":"ROAD","gameObject":null},{"x":2,"y":2,"z":0,"tileType":"ROAD","gameObject":null}]],[[{"x":0,"y":0,"z":0,"tileType":"ROAD","gameObject":null},{"x":1,"y":0,"z":0,"tileType":"ROAD","gameObject":{"id":2,"objectType":"UNKNOWN"}},{"x":2,"y":0,"z":0,"tileType":"ROAD","gameObject":null}],[{"x":0,"y":1,"z":0,"tileType":"ROAD","gameObject":null},{"x":1,"y":1,"z":0,"tileType":"ROAD","gameObject":null},{"x":2,"y":1,"z":0,"tileType":"ROAD","gameObject":null}],[{"x":0,"y":2,"z":0,"tileType":"ROAD","gameObject":null},{"x":1,"y":2,"z":0,"tileType":"ROAD","gameObject":{"id":3,"objectType":"UNKNOWN"}},{"x":2,"y":2,"z":0,"tileType":"ROAD","gameObject":null}]]]